abilene christian,abilene christian university
adams state,adams state college
air force,united states air force academy
akron,university of akron main campus
alabama,the university of alabama
alabama a&m;,alabama a & m university
alabama state,alabama state university
alabama-birmingham,university of alabama at birmingham
albany,suny at albany
alcorn state,alcorn state university
appalachian state,appalachian state university
arizona,university of arizona
arizona state,arizona state university
arkansas,university of arkansas main campus
arkansas state,arkansas state university-main campus
arkansas-pine bluff,university of arkansas at pine bluff
army,salvation army crestmont college
ashland,ashland county-west holmes career center
assumption,assumption college
auburn,auburn university main campus
augustana (s.d.),augustana college
azusa pacific,azusa pacific university
baker,baker university
ball state,ball state university
baylor,baylor university
belhaven college,belhaven college
beloit,beloit college
bemidji state,bemidji state university
bentley,bentley university
bethune-cookman,bethune-cookman university
bloomsburg,bloomsburg university of pennsylvania
boise state,boise state university
boston college,boston college
bowie state,bowie state university
bowling green state,bowling green state university-main campus
brigham young,brigham young university
brown,brown university
buffalo,university at buffalo
cal poly-s.l.o.,california polytechnic state university-san luis obispo
california,university of california-berkeley
california (pa),california university of pennsylvania
california lutheran,california lutheran university
california-davis,university of california-davis
california-irvine,university of california-irvine
california-san diego,university of california-san diego
campbell,campbell university inc
canisius,canisius college
carroll (mont.),carroll college
carson-newman,carson-newman college
catawba,catawba college
central arkansas,university of central arkansas
central florida,university of central florida
central michigan,central michigan university
central missouri state,university of central missouri
central oklahoma,university of central oklahoma
centre,centre college
chadron state,chadron state college
charleston southern,charleston southern university
cincinnati,university of cincinnati-main campus
clarion,clarion university of pennsylvania
clemson,clemson university
coastal carolina,coastal carolina university
colorado,university of colorado at boulder
colorado state,colorado state university
colorado state-pueblo,colorado state university-pueblo
columbia,columbia university in the city of new york
concordia-st. paul,concordia university-saint paul
connecticut,university of connecticut
cornell,cornell university
cortland state (ny),suny college at cortland
cumberland college,cumberland university
dartmouth,dartmouth college
delaware,university of delaware
delaware state,delaware state university
delaware valley,delaware valley college
duke,duke university
duquesne,duquesne university
east carolina,east carolina university
east central (ok),east central university
eastern illinois,eastern illinois university
eastern kentucky,eastern kentucky university
eastern michigan,eastern michigan university
eastern oregon state,eastern oregon university
eastern washington,eastern washington university
elizabeth city state,elizabeth city state university
fayetteville state,fayetteville state university
ferris state,ferris state university
findlay,the university of findlay
florida,university of florida
florida a&m;,florida agricultural and mechanical university
florida atlantic,florida atlantic university
florida international,florida international university
florida state,florida state university
florida tech,florida technical college
fordham,fordham university
fort hays state,fort hays state university
fort scott cc ks,fort scott community college
fort valley state,fort valley state university
fresno state,california state university-fresno
furman,furman university
gardner-webb,gardner-webb university
georgia,university of georgia
georgia southern,georgia southern university
georgia state,georgia state university
georgia tech,georgia institute of technology-main campus
globe tech ny (j.c.),globe institute of technology
grambling state,grambling state university
grand valley state,grand valley state university
hampton,hampton university
harvard,harvard university
hawaii,university of hawaii at manoa
heidelberg,heidelberg university
henderson state,henderson state university
hillsdale,hillsdale free will baptist college
hobart,hobart william smith colleges
hofstra,hofstra university
holy cross,college of the holy cross
houston,university of houston
howard,howard university
humboldt state,humboldt state university
idaho,university of idaho
idaho state,idaho state university
illinois,university of illinois at urbana-champaign
illinois state,illinois state university
incarnate word (tex.),university of the incarnate word
indiana,indiana university-bloomington
indianapolis,university of indianapolis
iowa,university of iowa
iowa state,iowa state university
jackson state,jackson state university
jacksonville,jacksonville university
jacksonville state,jacksonville state university
james madison,james madison university
johnson c. smith,johnson c smith university
kansas,university of kansas
kansas state,kansas state university
kent state,kent state university kent campus
kentucky,university of kentucky
kutztown,kutztown university of pennsylvania
lafayette,lafayette college
lehigh,lehigh university
liberty,liberty university
lindenwood,lindenwood university
louisiana coll.,louisiana college
louisiana state university - shreveport,louisiana state university-shreveport
louisiana tech,louisiana technical college-ruston campus
louisiana-lafayette,university of louisiana at lafayette
louisiana-monroe,university of louisiana monroe
louisville,university of louisville
lsu,louisiana state university and agricultural & mechanical college
lynchburg college,lynchburg college
maine,university of maine
marist,marist college
mars hill,mars hill college
marshall,marshall university
mary hardin-baylor,university of mary hardin-baylor
maryland,university of maryland-college park
massachusetts,university of massachusetts amherst
mcneese state,mcneese state university
memphis,university of memphis
mercyhurst,mercyhurst college
miami (fla.),university of miami
miami (ohio),miami university-oxford
michigan,university of michigan-ann arbor
michigan state,michigan state university
michigan tech,michigan technological university
middle tennessee state,middle tennessee state university
midwestern state,midwestern state university
minnesota,university of minnesota-twin cities
minnesota state,minnesota state university-mankato
mississippi,university of mississippi main campus
mississippi state,mississippi state university
missouri,university of missouri-columbia
missouri southern state,missouri southern state university
missouri state,missouri state university
missouri western state,missouri western state university
monmouth (ill.),monmouth college
monmouth (n.j.),monmouth university
montana,the university of montana
montana state,montana state university
morehouse,morehouse college
morgan state,morgan state university
morningside,morningside college
mount st. joseph,college of mount st. joseph
mount union,mount union college
murray state,murray state university
navy,united states naval academy
nebraska,university of nebraska-lincoln
nebraska-kearney,university of nebraska at kearney
nebraska-omaha,university of nebraska at omaha
nevada,university of nevada-reno
nevada-las vegas,university of nevada-las vegas
new hampshire,university of new hampshire-main campus
new mexico,university of new mexico-main campus
new mexico highlands,new mexico highlands university
new mexico state,new mexico state university-main campus
newberry,newberry college
nicholls state,nicholls state university
norfolk state,norfolk state university
north alabama,university of north alabama
north carolina,university of north carolina at chapel hill
north carolina a&t;,north carolina a & t state university
north carolina central,north carolina central university
north carolina state,north carolina state university at raleigh
north dakota,university of north dakota
north dakota state,north dakota state university-main campus
north greenville,north greenville university
north texas,university of north texas
northern colorado,university of northern colorado
northern illinois,northern illinois university
northern iowa,university of northern iowa
northern michigan,northern michigan university
northwest missouri state,northwest missouri state university
northwestern,northwestern university
northwestern (ia),northwestern college
northwestern state-louisiana,northwestern state university of louisiana
northwood,northwood university
notre dame,university of notre dame
ohio dominican,ohio dominican university
ohio state,ohio state university-main campus
ohio u.,ohio university-main campus
oklahoma,university of oklahoma norman campus
oklahoma state,oklahoma state university-main campus
old dominion,old dominion university
oregon,university of oregon
oregon state,oregon state university
ottawa (kans.),ottawa university-kansas city
ouachita baptist,ouachita baptist university
penn state,pennsylvania state university-main campus
pennsylvania,university of pennsylvania
pittsburg state,pittsburg state university
pittsburgh,university of pittsburgh-pittsburgh campus
portland state,portland state university
presbyterian,presbyterian college
princeton,princeton university
purdue,purdue university-main campus
rice,rice university
richmond,university of richmond
rpi,rensselaer polytechnic institute
rutgers,rutgers university-new brunswick
sacramento state,california state university-sacramento
saginaw valley state,saginaw valley state university
sam houston state,sam houston state university
samford,samford university
san diego,university of san diego
san diego state,san diego state university
san jose state,san jose state university
seattle,seattle university
shepherd,shepherd university
shippensburg,shippensburg university of pennsylvania
sioux falls,university of sioux falls
slippery rock,slippery rock university of pennsylvania
south alabama,university of south alabama
south carolina,university of south carolina-columbia
south carolina state,south carolina state university
south dakota,university of south dakota
south dakota state,south dakota state university
south florida,university of south florida
southeast missouri state,southeast missouri state university
southeastern louisiana,southeastern louisiana university
southeastern oklahoma state,southeastern oklahoma state university
southern arkansas,southern arkansas university tech
southern connecticut state,southern connecticut state university
southern illinois,southern illinois university carbondale
southern methodist,southern methodist university
southern mississippi,university of southern mississippi
southern oregon,southern oregon university
southern university,southern university and a & m college
southern utah,southern utah university
southwestern oklahoma state,southwestern oklahoma state university
st. cloud state,saint cloud state university
st. paul's (va),saint pauls college
stanford,stanford university
stephen f. austin st.,stephen f austin state university
stillman,stillman college
stony brook,stony brook university
syracuse,syracuse university
tarleton state,tarleton state university
taylor,taylor university
temple,temple university
tennessee,the university of tennessee
tennessee state,tennessee state university
tennessee-chattanooga,the university of tennessee at chattanooga
tennessee-martin,the university of tennessee-martin
texas,the university of texas at austin
texas a&m;,texas a & m university
texas a&m-commerce;,texas a & m university-commerce
texas christian,texas christian university
texas state,texas state university-san marcos
texas tech,texas tech university
texas-el paso,the university of texas at el paso
texas-san antonio,the university of texas at san antonio
the citadel,citadel military college of south carolina
tiffin university,tiffin university
toledo,university of toledo
towson,towson university
troy,troy university
tulane,tulane university of louisiana
tulsa,university of tulsa
tusculum,tusculum college
ucla,university of california-los angeles
usc,university of southern california
utah,university of utah
utah state,utah state university
valdosta state,valdosta state university
vanderbilt,vanderbilt university
villanova,villanova university
virginia,university of virginia-main campus
virginia tech,virginia polytechnic institute and state university
wagner,wagner college
wake forest,wake forest university
washburn,washburn university
washington,university of washington-seattle campus
washington state,washington state university
wayne state (mich.),wayne state university
weber state,weber state university
wesley college,wesley college
west alabama,university of west alabama
west chester,west chester university of pennsylvania
west georgia,university of west georgia
west texas a&m;,west texas a & m university
west virginia,west virginia university
western carolina,western carolina university
western illinois,western illinois university
western kentucky,western kentucky university
western michigan,western michigan university
western oregon,western oregon university
western washington,western washington university
william & mary,college of william and mary
william penn,william penn university
wingate,wingate university
winston-salem state,winston-salem state university
wis.-eau claire,university of wisconsin-eau claire
wis.-milwaukee,university of wisconsin-milwaukee
wis.-oshkosh,university of wisconsin-oshkosh
wis.-whitewater,university of wisconsin-whitewater
wisconsin,university of wisconsin-madison
wofford,wofford college
wyoming,university of wyoming
youngstown state,youngstown state university
,
,
,
,
,
,
,
,
,
,
,
,
,
,
,
,
,
,
,
,
,
,
,
,
,
,
,
,
,
,
,
,
,
,
,
,
,
,
,
,
,
,
,
,
